<?xml version="1.0"?>
<errors>
	<error id="10">
		<title>Can't plot zero or subzero values on a logarithmic axis</title>
		<description>
			This error occurs in the following situations:
			<ul>
				<li>If a zero or subzero data value is added to a logarithmic axis</li>
				<li>If the minimum of a logarithimic axis is set to 0 or less</li>
				<li>If the threshold is set to 0 or less</li>
			</ul>
			As of Highcharts 5.0.8 it is possible to bypass this error message
			by setting <code>Axis.prototype.allowNegativeLog</code> to
			<code>true</code> and add custom conversion functions. <a
			href="http://jsfiddle.net/gh/get/library/pure/highcharts/highcharts/tree/samples/highcharts/yaxis/type-log-negative/">View live demo</a>.
		</description>
	</error>

	<error id="11">
		<title>Can't link axes of different type</title>
		<description>
			This error occurs if you are using the <code>linkedTo</code> option to link two axes of different types,
			for example a logarithmic axis to a linear axis. Highcharts can't link those because the calculation of
			ticks, extremes, padding etc. is different.
		</description>
	</error>
	

	<error id="12">
		<title>Highcharts expects point configuration to be numbers or arrays in turbo mode</title>
		<description>
			This error occurs if the <code>series.data</code> option contains object configurations and the number
			of points exceeds the <code>turboThreshold</code>. It can be fixed by either setting the <code>turboThreshold</code>
			option to a higher value, or changing your point configurations to numbers or arrays. See <a href="http://api.highcharts.com/highcharts#plotOptions.series.turboThreshold">turboThreshold</a>.
		</description>
	</error>
	

	<error id="13">
		<title>Rendering div not found</title>
		<description>
			This error occurs if the <a href="http://api.highcharts.com/highcharts#chart.renderTo">chart.renderTo</a> 
			option is misconfigured so that Highcharts is unable to find the HTML element to render the chart in.
		</description>
	</error>
	<error id="14">
		<title>String value sent to series.data, expected Number</title>
		<description>
			<p>This happens if you pass in a string as a data point, for example in a setup like this:</p>
			<pre>series: [{
	data: ["3", "5", "1", "6"]
}]</pre>
			<p>Highcharts expects the data values to be numbers. The most common reason for this is that data is parsed
				from CSV or from a XML source, and the implementer forgot to run <code>parseFloat</code> on the 
				parsed value.</p>
				
				
			<p>For performance reasons internal type casting is not performed,
			and only the first value is checked (since 2.3).</p> 
		</description>
	</error>
	<error id="15">
		<title>Highcharts expects data to be sorted</title>
		<description>
			<p>This happens when you are trying to create a line series or a stock chart where the data is not
				sorted in ascending X order. For performance reasons, Highcharts does not sort the data,
				instead it is required that the implementer pre-sorts the data.</p> 
		</description>
	</error>
	<error id="16">
		<title>Highcharts already defined in the page</title>
		<description>
			<p>This error happens the second time Highcharts or Highstock is loaded in the same page, so the <code>Highcharts</code>
			namespace is already defined. Keep in mind that the <code>Highcharts.Chart</code> constructor and all features
			of Highcharts are included in Highstock, so if you are running <code>Chart</code> and <code>StockChart</code> in combination, you 
			only need to load the highstock.js file. </p> 
		</description>
	</error>
	<error id="17">
		<title>The requested series type does not exist</title>
		<description>
			<p>This error happens when you are setting <code>chart.type</code> or <code>series.type</code> to a series type
			that isn't defined in Highcharts. A typical reason may be that your are missing the extension file where the series type
			is defined, for example in order to run an <code>arearange</code> series you need to load the <code>highcharts-more.js</code>
			file.</p> 
		</description>
	</error>
	<error id="18">
		<title>The requested axis does not exist</title>
		<description>
			<p>This error happens when you set a series' <code>xAxis</code> or <code>yAxis</code> property to point to an axis that does not exist.</p> 
		</description>
	</error>
	
	<error id="19">
		<title>Too many ticks</title>
		<description>
			<p>This error happens when you try to apply too many ticks to an
				axis, specifically when you add more ticks than the axis pixel
				length. 

				With default value this will not happen, but there are edge
				cases, for example when setting axis categories and <code>xAxis.labels.step</code>
				in combination with a long data range, when the axis is instructed 
				to create a great number of ticks.
			</p> 
		</description>
	</error>
	
	<error id="20">
		<title>Can't add object point configuration to a long data series</title>
		<description>
			<p>In Highstock, if you try to add a point using the object literal configuration syntax, it works only when the number of data points is 
				below the series' <a href="http://api.highcharts.com/highstock#plotOptions.series.turboThreshold">turboThreshold</a>. Instead of the object
				syntax, use the Array syntax.</p> 
		</description>
	</error>
	
	<error id="21">
		<title>Can't find Proj4js library</title>
		<description>
			<p>Using latitude/longitude functionality in Highmaps requires the <a href="http://proj4js.org">Proj4js</a> library to be loaded.</p> 
		</description>
	</error>

	<error id="22">
		<title>Map does not support latitude/longitude</title>
		<description>
			<p>The loaded map does not support latitude/longitude functionality. This is only supported with maps from the 
				<a href="http://code.highcharts.com/mapdata">official Highmaps map collection</a> from version 1.1.0 onwards. If you are using a custom 
				map, consider using the <a href="http://proj4js.org">Proj4js</a> library to convert between projections.</p>
		</description>
	</error>	

	<error id="23">
		<title>Unsupported color format used for color interpolation</title>
		<description>
			<p>Highcharts supports three color formats primarily: hex (<code>#FFFFFF</code>), rgb (<code>rgba(255,255,255)</code> and rgba (<code>rgba(255,255,255,1)</code>. If any other format,
			like 3-digit colors (<code>#FFF</code>), named colors (<code>white</code>) or gradient structures are used in for example a heatmap, Highcharts will fail to interpolate and just jumps to the end color.
			We have chosen to preserve this limitation in order to keep the weight of the implementation at a minimum.</p> 
		</description>
	</error>	

	<error id="24">
		<title>Cannot run Point.update on a grouped point</title>
		<description>
			<p>This happens in Highstock when a point is grouped by data grouping, so there is no reference to the raw points.</p>
		</description>
	</error>

	<error id="25">
		<title>Can't find Moment.js library</title>
		<description>
			<p>Using the global.timezone option requires the <a href="http://momentjs.com/">Moment.js</a> library to be loaded.</p>
		</description>
	</error>

	<error id="26">
		<title>WebGL not supported, and no fallback module included</title>
		<description>
			<p>This happens when your browser does not support WebGL, <b>and</b> 
				the canvas fallback module (<code>boost-canvas.js</code>) has not been included OR if the fallback module was included <b>after</b> the boost module. 
			</p>
			<p>
				Make sure you include <code>boost-canvas.js</code>, and that it's included before <code>boost.js</code>.
			</p>
		</description>
	</error>

	<error id="27">
		<title>This browser does not support SVG.</title>
		<description>
			<p>This happens in old IE when the <code>oldie.js</code> module is
			not loaded.</p>
			<p>If you need to target IE versions 6, 7 and 8, add the module after loading <code>highcharts.js</code>. In
			a website context, it is a good idea to load it in a conditional comment to avoid traffic overhead in modern
			browsers:
<pre>
<!--[if lt IE 9]>
	<script src='https://code.highcharts.com/modules/oldie.js'></script>
<![endif]-->
</pre>
				
			</p>
		</description>
	</error>

    <error id="28">
		<title>Fallback to export server disabled</title>
		<description>
			<p>This happens when the offline export module encounters a chart it can not export successfully, and the
            fallback to the online export server is disabled. The offline exporting module will fail for certain browsers,
            and certain features (e.g. <a href="https://api.highcharts.com/highcharts/exporting.allowHTML">allowHTML</a>),
            depending on the type of image exporting to. For a compatibility overview,
            see <a href="https://www.highcharts.com/docs/export-module/client-side-export">Client Side Export</a>. For very complex
            charts, it is possible that export can fail in browsers that don't support Blob objects, due to data URL length limits.
            It is always recommended to define the <a href="https://api.highcharts.com/highcharts/exporting.error">exporting.error</a>
            callback if you disable fallback, so that you can provide details to your users if export is not working for them.</p>
		</description>
	</error>

</errors>
